Workbook

Sheet Specification
A1: Title：
A2: Write：
A3: Date： | F3: Rev.：00
A5: A. Specification： | H5: B. Layout：
A7: Item | C7: Specification | E7: Note
A8: Product No.
A9: Design No. | C9: -
A10: Construction | C10: 2G5P
A11: Sensor Format | B11: Horizontal | C11: 8000 | D11: pixels | E11: IMX586 1/2 inch
B12: Vertical | C12: 6000 | D12: pixels
A13: Sensor Pixel size | B13: Horizontal | C13: 0.8 | D13: um
B14: Vertical | C14: 0.8 | D14: um
A15: Light Source range | C15: 400 ~ 700 nm
A16: Effect Focal Length (EFL) | C16: 1.2 | D16: mm
A17: F.No | C17: 2.2 | D17: ±5%
A18: Total Track Length(TTL) | C18: 13.6 | D18: mm | E18: From top barrel to image plane at Infinity including 0.21mm IRF
A19: Flange Back Length (FB) | C19: 0.94 | D19: mm | E19: From rear barrel to image plane at Infinity, including 0.21mm IRF
A20: View Angle | B20: Horizontal (deg) | C20: / | D20: deg | E20: Image Height = | F20: =$C$11*$C$13/1000/2 -> 3.2
B21: Vertical (deg) | C21: / | D21: deg | E21: Image Height = | F21: =$C$12*$C$14/1000/2 -> 2.4
B22: Diagonal (deg) | C22: 210(2.25mm) | D22: deg | E22: Image Height = | F22: =SQRT(F20^2+F21^2) -> 4
A23: Resolution (MTF) | B23: On Axis | C23: 13%(S、T) | E23: @ Ny Lp/mm
C24: 50%(S、T) | E24: @ Ny/2 Lp/mm
C25: 74.6%(S、T) | E25: @ Ny/4 Lp/mm
B26: 80% Field | C26: 10.3%(S)、2.6%(T) | E26: @ Ny Lp/mm
C27: 45%(S)、28%(T) | E27: @ Ny/2 Lp/mm
C28: 70%(S)、63%(T) | E28: @ Ny/4 Lp/mm
A29: Distortion | B29: f-theta distortion | C29: <15%
B30: TV distortion (Trad.*2)
A31: Relative Illumination (Ref.) | C31: 0.32
A32: Chief Ray Angle | C32: < 30 | D32: deg
A33: Maximum Image Circle (MIC) | C33: 4.5 | D33: mm
A34: Barrel Thread Size

Sheet Simiulation Data
A4: C. Simulation data：
I21: Field | J21: IH | K21: RI
I22: 0 | J22: 0 | K22: 1
I23: 0.1 | J23: 0.2214 | K23: 0.983493
I24: 0.2 | J24: 0.4428 | K24: 0.935017
I25: 0.3 | J25: 0.6642 | K25: 0.860624
I26: 0.4 | J26: 0.8856 | K26: 0.777851
I27: 0.5 | J27: 1.107 | K27: 0.706751
I28: 0.6 | J28: 1.3284 | K28: 0.636614
I29: 0.7 | J29: 1.5498 | K29: 0.55513
I30: 0.8 | J30: 1.7712 | K30: 0.489457
I31: 0.9 | J31: 1.9926 | K31: 0.430239
I32: 1 | J32: 2.214 | K32: 0.328032
I33: MAX | J33: 2.25 | K33: 0.296463
C36: ○ MTF at infinity * | H36: ○ Through focus MTF at infinity(N/4) *
C50: Spot Diagram

Sheet Depth of Field
A2: D. Depth of Field：
A4: EFL | C4: =Specification!C16 -> 1.2
A5: F.NO | C5: =Specification!C17 -> 2.2
A6: Sensor Format | B6: Horizontal | C6: =Specification!C11 -> 8000 | D6: Pixels
B7: Vertical | C7: =Specification!C12 -> 6000
B8: Pitch Size | C8: =Specification!C14 -> 0.8 | D8: um
A9: Resolution | B9: TV line | C9: =C7/2 -> 3000 | D9: TVL | E9: Object Space
B10: Line Pair | C10: =($C$9/$C$7)*1000/$C$8/2 -> 312.5 | D10: Lp/mm | E10: Image Space
B11: Circle of Confusion | C11: =$C$7/$C$9*$C$8 -> 1.6 | D11: um
A12: DOF | C12: =($C$7/C9*$C$5*$C$8/1000)*2 -> 0.00704 | D12: mm
A13: Hyper-Focal Distance | C13: =$C$4^2/($C$5*2*$C$8/1000) -> 409.09091 | D13: mm
A16: Object Distance (m) | B16: Lens Shift (mm) | C16: Far Field (m) | D16: Near Field (m)
A17: INF | B17: 0 | C17: - | D17: -
A18: 10 | B18: =$C$4^2/($C$4-A18*1000) -> -0.00014401728 | C18: =IF(H18>=0,H18,"INF") -> INF | D18: =(1/(1/$C$4-1/($C$4-B18+$C$12/2))/1000) -> 0.39421125 | H18: =(1/(1/$C$4-1/($C$4-B18-$C$12/2))/1000) -> -0.42534247
A19: 5 | B19: =$C$4^2/($C$4-A19*1000) -> -0.00028806914 | C19: =IF(H19>=0,H19,"INF") -> INF | D19: =(1/(1/$C$4-1/($C$4-B19+$C$12/2))/1000) -> 0.3793444 | H19: =(1/(1/$C$4-1/($C$4-B19-$C$12/2))/1000) -> -0.44435409
A20: 4 | B20: =$C$4^2/($C$4-A20*1000) -> -0.00036010803 | C20: =IF(H20>=0,H20,"INF") -> INF | D20: =(1/(1/$C$4-1/($C$4-B20+$C$12/2))/1000) -> 0.37232369 | H20: =(1/(1/$C$4-1/($C$4-B20-$C$12/2))/1000) -> -0.45451178
A21: 3 | B21: =$C$4^2/($C$4-A21*1000) -> -0.00048019208 | C21: =IF(H21>=0,H21,"INF") -> INF | D21: =(1/(1/$C$4-1/($C$4-B21+$C$12/2))/1000) -> 0.36118271 | H21: =(1/(1/$C$4-1/($C$4-B21-$C$12/2))/1000) -> -0.47251414
A22: 2 | B22: =$C$4^2/($C$4-A22*1000) -> -0.00072043226 | C22: =IF(H22>=0,H22,"INF") -> INF | D22: =(1/(1/$C$4-1/($C$4-B22+$C$12/2))/1000) -> 0.34078802 | H22: =(1/(1/$C$4-1/($C$4-B22-$C$12/2))/1000) -> -0.51316512
A23: 1.9 | B23: =$C$4^2/($C$4-A23*1000) -> -0.00075837371 | C23: =IF(H23>=0,H23,"INF") -> INF | D23: =(1/(1/$C$4-1/($C$4-B23+$C$12/2))/1000) -> 0.33777649 | H23: =(1/(1/$C$4-1/($C$4-B23-$C$12/2))/1000) -> -0.52023188
A24: 1.8 | B24: =$C$4^2/($C$4-A24*1000) -> -0.00080053369 | C24: =IF(H24>=0,H24,"INF") -> INF | D24: =(1/(1/$C$4-1/($C$4-B24+$C$12/2))/1000) -> 0.33449216 | H24: =(1/(1/$C$4-1/($C$4-B24-$C$12/2))/1000) -> -0.52831566
A25: 1.7 | B25: =$C$4^2/($C$4-A25*1000) -> -0.00084765717 | C25: =IF(H25>=0,H25,"INF") -> INF | D25: =(1/(1/$C$4-1/($C$4-B25+$C$12/2))/1000) -> 0.33089621 | H25: =(1/(1/$C$4-1/($C$4-B25-$C$12/2))/1000) -> -0.53765302
A26: 1.6 | B26: =$C$4^2/($C$4-A26*1000) -> -0.00090067551 | C26: =IF(H26>=0,H26,"INF") -> INF | D26: =(1/(1/$C$4-1/($C$4-B26+$C$12/2))/1000) -> 0.32694207 | H26: =(1/(1/$C$4-1/($C$4-B26-$C$12/2))/1000) -> -0.54856006
A27: 1.5 | B27: =$C$4^2/($C$4-A27*1000) -> -0.00096076861 | C27: =IF(H27>=0,H27,"INF") -> INF | D27: =(1/(1/$C$4-1/($C$4-B27+$C$12/2))/1000) -> 0.32257343 | H27: =(1/(1/$C$4-1/($C$4-B27-$C$12/2))/1000) -> -0.56146894
A28: 1.4 | B28: =$C$4^2/($C$4-A28*1000) -> -0.0010294538 | C28: =IF(H28>=0,H28,"INF") -> INF | D28: =(1/(1/$C$4-1/($C$4-B28+$C$12/2))/1000) -> 0.31772151 | H28: =(1/(1/$C$4-1/($C$4-B28-$C$12/2))/1000) -> -0.57698643
A29: 1.3 | B29: =$C$4^2/($C$4-A29*1000) -> -0.0011087157 | C29: =IF(H29>=0,H29,"INF") -> INF | D29: =(1/(1/$C$4-1/($C$4-B29+$C$12/2))/1000) -> 0.31230141 | H29: =(1/(1/$C$4-1/($C$4-B29-$C$12/2))/1000) -> -0.59599214
... A54: 0.05 | B54: =$C$4^2/($C$4-A54*1000) -> -0.029508197 | C54: =IF(H54>=0,H54,"INF") -> 0.05660977 | D54: =(1/(1/$C$4-1/($C$4-B54+$C$12/2))/1000) -> 0.044799111 | H54: =(1/(1/$C$4-1/($C$4-B54-$C$12/2))/1000) -> 0.05660977

Sheet Chief Ray Angle
A2: E. Chief Ray Angle：
A5: Field | B5: Image Height | C5: CRA
A6: 0 | B6: 0 | C6: 0
A7: 0.05 | B7: 0.1107 | C7: 2.02
A8: 0.1 | B8: 0.2214 | C8: 4.07
A9: 0.15 | B9: 0.3321 | C9: 6.18
A10: 0.2 | B10: 0.4428 | C10: 8.39
A11: 0.25 | B11: 0.5535 | C11: 10.72
A12: 0.3 | B12: 0.6642 | C12: 13.16
A13: 0.35 | B13: 0.7749 | C13: 15.68
A14: 0.4 | B14: 0.8856 | C14: 18.21
A15: 0.45 | B15: 0.9963 | C15: 20.65
A16: 0.5 | B16: 1.107 | C16: 22.87
A17: 0.55 | B17: 1.2177 | C17: 24.81
... A26: 1 | B26: 2.214 | C26: 27.11

Sheet Distortion
B2: Angle | C2: Real Height | D2: Ref. Height | E2: Optical Distortion
B3: 0 | C3: 0 | D3: 0 | E3: 0.00775518
B4: 1.05 | C4: 0.02234989 | D4: 0.02234816 | E4: 0.00775518
B5: 2.1 | C5: 0.04471018 | D5: 0.04469632 | E5: 0.03102107
B6: 0 | C6: 0 | D6: 0.06704447 | E6: 0.06979858
B7: 0.1107 | C7: 2.02 | D7: 0.08939263 | E7: 0.12408922
B8: 0.2214 | C8: 4.07 | D8: 0.11174079 | E8: 0.19389503
B9: 0.3321 | C9: 6.18 | D9: 0.13408895 | E9: 0.27921837
B10: 0.4428 | C10: 8.39 | D10: 0.1564371 | E10: 0.38006159
B11: 0.5535 | C11: 10.72 | D11: 0.17878526 | E11: 0.4964264
B12: 0.6642 | C12: 13.16 | D12: 0.20113342 | E12: 0.6283129
B13: 0.7749 | C13: 15.68 | D13: 0.22348158 | E13: 0.7757181
B14: 0.8856 | C14: 18.21 | D14: 0.24582973 | E14: 0.93863385
... B103: 105 | C103: 2.211759 | D103: 2.2348158 | E103: -1.0317069
